epoch,time,train/box_loss,train/cls_loss,train/dfl_loss,metrics/precision(B),metrics/recall(B),metrics/mAP50(B),metrics/mAP50-95(B),val/box_loss,val/cls_loss,val/dfl_loss,lr/pg0,lr/pg1,lr/pg2
1,5.77027,1.6405,4.84573,1.32965,0,0,0,0,1.21262,4.88492,1.13537,0,0,0
2,11.4105,1.50814,4.98647,1.25634,0,0,0,0,1.21795,4.87968,1.13418,2.9303e-06,2.9303e-06,2.9303e-06
3,16.7993,1.64182,5.09666,1.39408,0,0,0,0,1.22566,4.881,1.13188,5.84119e-06,5.84119e-06,5.84119e-06
4,22.902,1.58541,4.821,1.35057,0,0,0,0,1.21378,4.88469,1.12852,8.73268e-06,8.73268e-06,8.73268e-06
5,28.1779,1.36911,4.73282,1.18954,0,0,0,0,1.17076,4.89737,1.10549,1.16048e-05,1.16048e-05,1.16048e-05
6,33.5088,1.45442,4.90593,1.2936,0,0,0,0,1.15532,4.90389,1.09378,1.44574e-05,1.44574e-05,1.44574e-05
7,40.1525,1.60537,4.70384,1.28874,0,0,0,0,1.17011,4.89431,1.08959,1.72907e-05,1.72907e-05,1.72907e-05
8,46.38,1.66494,4.84456,1.42177,0,0,0,0,1.17769,4.89334,1.091,2.01046e-05,2.01046e-05,2.01046e-05
9,51.3646,1.36939,4.64874,1.18056,0,0,0,0,1.184,4.89819,1.09407,2.28991e-05,2.28991e-05,2.28991e-05
10,56.4232,1.42041,4.76566,1.28107,0,0,0,0,1.2133,4.88887,1.09323,2.56741e-05,2.56741e-05,2.56741e-05
11,61.2278,1.2365,4.8397,1.13253,0,0,0,0,1.22485,4.89323,1.09274,2.84298e-05,2.84298e-05,2.84298e-05
12,65.9475,1.42196,4.71205,1.21868,0,0,0,0,1.23282,4.90231,1.09474,3.11661e-05,3.11661e-05,3.11661e-05
13,72.5015,1.28125,4.67869,1.17545,0,0,0,0,1.23323,4.91213,1.09842,3.38829e-05,3.38829e-05,3.38829e-05
14,79.963,1.25516,4.59302,1.16454,0,0,0,0,1.24176,4.91859,1.09968,3.65804e-05,3.65804e-05,3.65804e-05
15,87.0535,1.24307,4.42357,1.17799,0,0,0,0,1.23653,4.94101,1.10569,3.92584e-05,3.92584e-05,3.92584e-05
16,94.2038,1.12978,4.63817,1.05688,0,0,0,0,1.21627,4.97643,1.12159,4.19171e-05,4.19171e-05,4.19171e-05
17,101.223,1.05244,4.50566,1.04217,0,0,0,0,1.20546,4.99444,1.12337,4.45563e-05,4.45563e-05,4.45563e-05
18,107.109,1.05235,4.41944,1.05474,0,0,0,0,1.20546,4.99444,1.12337,4.71761e-05,4.71761e-05,4.71761e-05
19,115.18,1.14953,4.43649,1.06912,0,0,0,0,1.19331,5.00718,1.12236,4.97766e-05,4.97766e-05,4.97766e-05
20,122.429,1.24589,4.42305,1.05631,0,0,0,0,1.19331,5.00718,1.12236,5.23576e-05,5.23576e-05,5.23576e-05
21,129.368,1.12138,4.40917,1.0531,0,0,0,0,1.16922,5.02861,1.12739,5.49192e-05,5.49192e-05,5.49192e-05
22,136.117,0.98273,4.49598,0.98607,0,0,0,0,1.16922,5.02861,1.12739,5.74614e-05,5.74614e-05,5.74614e-05
23,143.821,0.85872,4.34997,0.93601,0,0,0,0,1.1379,5.04161,1.12305,5.99842e-05,5.99842e-05,5.99842e-05
24,150.614,0.84683,4.26232,0.94916,0,0,0,0,1.1379,5.04161,1.12305,6.24876e-05,6.24876e-05,6.24876e-05
25,157.937,1.09896,4.40477,1.04535,0,0,0,0,1.12118,5.04231,1.1206,6.49716e-05,6.49716e-05,6.49716e-05
26,165.141,0.95507,4.49762,0.93271,0,0,0,0,1.12118,5.04231,1.1206,6.74362e-05,6.74362e-05,6.74362e-05
27,172.551,0.87232,4.17942,0.93085,0,0,0,0,1.11795,5.02455,1.12141,6.98814e-05,6.98814e-05,6.98814e-05
28,178.877,0.99599,4.08419,0.99051,0,0,0,0,1.11795,5.02455,1.12141,7.23072e-05,7.23072e-05,7.23072e-05
29,184.001,1.01563,4.38031,1.01948,0,0,0,0,1.13765,4.9994,1.11539,7.47136e-05,7.47136e-05,7.47136e-05
30,189.06,0.97462,4.07248,1.02778,0,0,0,0,1.13765,4.9994,1.11539,7.71006e-05,7.71006e-05,7.71006e-05
31,196.318,0.97811,4.29183,0.94804,0,0,0,0,1.1346,4.97936,1.10601,7.94682e-05,7.94682e-05,7.94682e-05
32,203.222,0.82947,4.21649,0.95313,0,0,0,0,1.1346,4.97936,1.10601,8.18164e-05,8.18164e-05,8.18164e-05
33,210.247,0.90694,3.89101,0.92248,0,0,0,0,1.14553,4.95087,1.09954,8.41452e-05,8.41452e-05,8.41452e-05
34,216.515,0.9496,3.77783,0.97306,0,0,0,0,1.14553,4.95087,1.09954,8.64545e-05,8.64545e-05,8.64545e-05
35,223.647,0.94272,3.88187,0.98781,0,0,0,0,1.19654,4.88101,1.10228,8.87445e-05,8.87445e-05,8.87445e-05
36,230.859,0.89503,3.88011,0.91383,0,0,0,0,1.19654,4.88101,1.10228,9.1015e-05,9.1015e-05,9.1015e-05
37,237.927,0.85071,3.95465,0.93414,0,0,0,0,1.23748,4.82123,1.09661,9.32662e-05,9.32662e-05,9.32662e-05
38,245.158,0.94615,4.02272,1.01649,0,0,0,0,1.23748,4.82123,1.09661,9.5498e-05,9.5498e-05,9.5498e-05
39,251.945,0.89707,3.79914,1.00293,0,0,0,0,1.29581,4.73582,1.0923,9.77103e-05,9.77103e-05,9.77103e-05
40,258.409,0.80197,3.53142,0.89855,0,0,0,0,1.29581,4.73582,1.0923,9.99033e-05,9.99033e-05,9.99033e-05
41,266.121,0.78636,3.59846,0.91653,0,0,0,0,1.32439,4.66221,1.0854,0.000102077,0.000102077,0.000102077
42,273.23,0.88618,3.6752,0.99276,0,0,0,0,1.32439,4.66221,1.0854,0.000104231,0.000104231,0.000104231
43,280.79,0.94772,3.68073,0.96605,0.04545,0.02273,0.03409,0.02386,1.34997,4.59046,1.07143,0.000106366,0.000106366,0.000106366
44,287.545,0.80735,3.75263,0.96773,0.04545,0.02273,0.03409,0.02386,1.34997,4.59046,1.07143,0.000108481,0.000108481,0.000108481
45,294.302,0.98452,3.39747,1.0322,0.04545,0.02273,0.03409,0.02727,1.36157,4.54868,1.06664,0.000110577,0.000110577,0.000110577
46,301.091,0.80204,3.90504,0.96132,0.04545,0.02273,0.03409,0.02727,1.36157,4.54868,1.06664,0.000112653,0.000112653,0.000112653
47,308.773,1.00198,3.6166,0.96652,0.01515,0.02273,0.02636,0.02109,1.37354,4.50099,1.05703,0.000114711,0.000114711,0.000114711
48,316.505,0.87994,3.17589,0.93094,0.01515,0.02273,0.02636,0.02109,1.37354,4.50099,1.05703,0.000116748,0.000116748,0.000116748
49,324.127,0.93402,3.62797,0.98967,0.01136,0.02273,0.0254,0.02032,1.35218,4.47796,1.05091,0.000118767,0.000118767,0.000118767
50,331.261,0.83656,3.44119,0.93787,0.01136,0.02273,0.0254,0.02032,1.35218,4.47796,1.05091,0.000120765,0.000120765,0.000120765
51,338.927,0.81211,3.53554,0.93236,0.01667,0.06818,0.03348,0.02497,1.36846,4.44311,1.05503,0.000122745,0.000122745,0.000122745
52,346.475,0.82417,3.17234,0.91908,0.01667,0.06818,0.03348,0.02497,1.36846,4.44311,1.05503,0.000124705,0.000124705,0.000124705
53,353.69,0.82533,3.015,0.95176,0.01667,0.06818,0.03348,0.02497,1.36846,4.44311,1.05503,0.000126646,0.000126646,0.000126646
54,361.4,0.86859,3.21356,0.98145,0.01753,0.09091,0.03661,0.02404,1.4055,4.4275,1.06322,0.000128567,0.000128567,0.000128567
55,368.387,0.74452,3.25741,0.90828,0.01753,0.09091,0.03661,0.02404,1.4055,4.4275,1.06322,0.000130469,0.000130469,0.000130469
56,375.389,0.77146,3.37526,0.96086,0.01753,0.09091,0.03661,0.02404,1.4055,4.4275,1.06322,0.000132351,0.000132351,0.000132351
57,380.916,0.7455,2.84643,0.92278,0.01412,0.09091,0.04262,0.02765,1.43461,4.43508,1.07631,0.000134215,0.000134215,0.000134215
58,386.287,0.74126,3.1351,0.94286,0.01412,0.09091,0.04262,0.02765,1.43461,4.43508,1.07631,0.000136058,0.000136058,0.000136058
59,391.53,0.70911,2.91401,0.9036,0.01412,0.09091,0.04262,0.02765,1.43461,4.43508,1.07631,0.000137882,0.000137882,0.000137882
60,397.08,0.85998,3.75027,0.98059,0.01353,0.09091,0.04287,0.02741,1.4732,4.42705,1.08963,0.000139687,0.000139687,0.000139687
61,402.298,0.66878,2.91427,0.91498,0.01353,0.09091,0.04287,0.02741,1.4732,4.42705,1.08963,0.000141473,0.000141473,0.000141473
62,407.613,0.7876,3.09672,0.90633,0.01353,0.09091,0.04287,0.02741,1.4732,4.42705,1.08963,0.000143239,0.000143239,0.000143239
63,414.272,0.89333,3.10577,0.9842,0.01353,0.09091,0.07343,0.04566,1.48957,4.41537,1.11027,0.000144986,0.000144986,0.000144986
64,421.775,0.67,2.77021,0.89659,0.01353,0.09091,0.07343,0.04566,1.48957,4.41537,1.11027,0.000146713,0.000146713,0.000146713
65,429.272,0.86196,3.53044,1.00253,0.01353,0.09091,0.07343,0.04566,1.48957,4.41537,1.11027,0.000148421,0.000148421,0.000148421
66,435.016,0.81816,2.89103,0.93614,0.03129,0.22727,0.10687,0.06914,1.49675,4.40245,1.11787,0.000150109,0.000150109,0.000150109
67,440.47,0.86279,2.89551,0.94037,0.03129,0.22727,0.10687,0.06914,1.49675,4.40245,1.11787,0.000151778,0.000151778,0.000151778
68,445.681,0.68189,2.42547,0.9136,0.03129,0.22727,0.10687,0.06914,1.49675,4.40245,1.11787,0.000153428,0.000153428,0.000153428
69,450.811,0.63383,3.03847,0.9249,0.03137,0.22727,0.13105,0.0879,1.49536,4.36639,1.11602,0.000155058,0.000155058,0.000155058
70,456.155,0.70208,2.74881,0.93161,0.03137,0.22727,0.13105,0.0879,1.49536,4.36639,1.11602,0.000156669,0.000156669,0.000156669
71,461.49,0.71064,2.82617,0.87878,0.03137,0.22727,0.13105,0.0879,1.49536,4.36639,1.11602,0.00015826,0.00015826,0.00015826
72,466.859,0.67061,2.78263,0.91269,0.04179,0.31818,0.14865,0.09725,1.49041,4.31979,1.11614,0.000159832,0.000159832,0.000159832
73,474.769,0.76097,2.55597,0.93159,0.04179,0.31818,0.14865,0.09725,1.49041,4.31979,1.11614,0.000161385,0.000161385,0.000161385
74,482.077,0.6851,2.40409,0.87593,0.04179,0.31818,0.14865,0.09725,1.49041,4.31979,1.11614,0.000162918,0.000162918,0.000162918
75,489.953,0.67755,2.56386,0.8321,0.04587,0.34848,0.15258,0.10241,1.47469,4.24807,1.10674,0.000164432,0.000164432,0.000164432
76,496.886,0.62116,2.45909,0.82258,0.04587,0.34848,0.15258,0.10241,1.47469,4.24807,1.10674,0.000165926,0.000165926,0.000165926
77,501.984,0.70544,2.56662,0.8934,0.04587,0.34848,0.15258,0.10241,1.47469,4.24807,1.10674,0.000167401,0.000167401,0.000167401
78,507.033,0.61858,2.26634,0.86669,0.06819,0.43182,0.16077,0.09955,1.46243,4.18818,1.09692,0.000168857,0.000168857,0.000168857
79,512.12,0.71345,2.35431,0.90883,0.06819,0.43182,0.16077,0.09955,1.46243,4.18818,1.09692,0.000170293,0.000170293,0.000170293
80,517.231,0.67777,2.32589,0.91017,0.06819,0.43182,0.16077,0.09955,1.46243,4.18818,1.09692,0.00017171,0.00017171,0.00017171
81,522.841,0.65406,2.312,0.85172,0.05742,0.43182,0.17215,0.10466,1.49423,4.15823,1.1161,0.000173107,0.000173107,0.000173107
82,527.985,0.63726,2.12591,0.93829,0.05742,0.43182,0.17215,0.10466,1.49423,4.15823,1.1161,0.000174485,0.000174485,0.000174485
83,532.996,0.68625,2.10367,0.88453,0.05742,0.43182,0.17215,0.10466,1.49423,4.15823,1.1161,0.000175844,0.000175844,0.000175844
84,538.235,0.66017,2.23229,0.90006,0.05049,0.43182,0.16003,0.09379,1.56629,4.15714,1.16174,0.000177183,0.000177183,0.000177183
85,543.582,0.60628,2.0804,0.85212,0.05049,0.43182,0.16003,0.09379,1.56629,4.15714,1.16174,0.000178503,0.000178503,0.000178503
86,549.222,0.67977,2.00441,0.90621,0.05049,0.43182,0.16003,0.09379,1.56629,4.15714,1.16174,0.000179803,0.000179803,0.000179803
87,554.292,0.655,2.20945,0.84367,0.05049,0.43182,0.16003,0.09379,1.56629,4.15714,1.16174,0.000181084,0.000181084,0.000181084
88,559.656,0.72836,2.91744,0.95743,0.05303,0.5,0.17182,0.09491,1.66065,4.14603,1.21754,0.000182346,0.000182346,0.000182346
89,564.969,0.68588,2.06161,0.89988,0.05303,0.5,0.17182,0.09491,1.66065,4.14603,1.21754,0.000183588,0.000183588,0.000183588
90,570.311,0.67635,2.16972,0.86643,0.05303,0.5,0.17182,0.09491,1.66065,4.14603,1.21754,0.00018481,0.00018481,0.00018481
91,575.73,0.72318,2.46916,0.9273,0.05303,0.5,0.17182,0.09491,1.66065,4.14603,1.21754,0.000186014,0.000186014,0.000186014
92,581.278,0.68438,2.02814,0.8782,0.04481,0.48864,0.18679,0.10168,1.69658,4.12124,1.24532,0.000187198,0.000187198,0.000187198
93,586.293,0.83442,2.06274,0.92235,0.04481,0.48864,0.18679,0.10168,1.69658,4.12124,1.24532,0.000188362,0.000188362,0.000188362
94,591.127,0.64254,1.98589,0.92502,0.04481,0.48864,0.18679,0.10168,1.69658,4.12124,1.24532,0.000189507,0.000189507,0.000189507
95,596.074,0.63563,2.00454,0.88922,0.04481,0.48864,0.18679,0.10168,1.69658,4.12124,1.24532,0.000190633,0.000190633,0.000190633
96,601.015,0.68868,2.0121,0.90371,0.04378,0.48864,0.17004,0.09263,1.71221,4.07809,1.25579,0.000191739,0.000191739,0.000191739
97,605.861,0.67804,1.95302,0.91666,0.04378,0.48864,0.17004,0.09263,1.71221,4.07809,1.25579,0.000192826,0.000192826,0.000192826
98,610.899,0.65171,1.99806,0.86952,0.04378,0.48864,0.17004,0.09263,1.71221,4.07809,1.25579,0.000193894,0.000193894,0.000193894
99,616.17,0.55371,1.5371,0.82552,0.04378,0.48864,0.17004,0.09263,1.71221,4.07809,1.25579,0.000194942,0.000194942,0.000194942
100,621.98,0.71451,1.94767,0.95245,0.03865,0.44318,0.17382,0.09633,1.68704,4.0368,1.25643,0.000195971,0.000195971,0.000195971
101,628.368,0.67458,2.18538,0.90181,0.03865,0.44318,0.17382,0.09633,1.68704,4.0368,1.25643,0.00019698,0.00019698,0.00019698
102,633.809,0.64109,1.85027,0.88952,0.03865,0.44318,0.17382,0.09633,1.68704,4.0368,1.25643,0.00019601,0.00019601,0.00019601
103,640.732,0.55552,1.77449,0.85058,0.03865,0.44318,0.17382,0.09633,1.68704,4.0368,1.25643,0.00019504,0.00019504,0.00019504
104,647.618,0.67723,1.98176,0.93527,0.04279,0.48864,0.17413,0.0981,1.6921,4.01807,1.26967,0.000194069,0.000194069,0.000194069
105,654.195,0.51652,1.78068,0.86874,0.04279,0.48864,0.17413,0.0981,1.6921,4.01807,1.26967,0.000193099,0.000193099,0.000193099
106,660.563,0.63839,1.96922,0.85277,0.04279,0.48864,0.17413,0.0981,1.6921,4.01807,1.26967,0.000192129,0.000192129,0.000192129
107,666.714,0.64078,1.71571,0.94258,0.04279,0.48864,0.17413,0.0981,1.6921,4.01807,1.26967,0.000191159,0.000191159,0.000191159
108,672.972,0.67445,1.88862,0.89042,0.04939,0.53409,0.18367,0.10172,1.74671,4.02006,1.31718,0.000190189,0.000190189,0.000190189
109,679.124,0.60016,1.7048,0.88242,0.04939,0.53409,0.18367,0.10172,1.74671,4.02006,1.31718,0.000189218,0.000189218,0.000189218
110,685.464,0.64689,1.98716,0.90159,0.04939,0.53409,0.18367,0.10172,1.74671,4.02006,1.31718,0.000188248,0.000188248,0.000188248
111,691.607,0.65144,1.74825,0.88386,0.04939,0.53409,0.18367,0.10172,1.74671,4.02006,1.31718,0.000187278,0.000187278,0.000187278
112,697.776,0.57817,1.7217,0.83205,0.04821,0.53409,0.19381,0.10898,1.74884,4.01747,1.32753,0.000186308,0.000186308,0.000186308
113,704.492,0.65274,1.80175,0.86375,0.04821,0.53409,0.19381,0.10898,1.74884,4.01747,1.32753,0.000185338,0.000185338,0.000185338
114,711.624,0.64541,1.68426,0.86555,0.04821,0.53409,0.19381,0.10898,1.74884,4.01747,1.32753,0.000184367,0.000184367,0.000184367
115,718.897,0.64264,1.78975,0.91427,0.04821,0.53409,0.19381,0.10898,1.74884,4.01747,1.32753,0.000183397,0.000183397,0.000183397
116,725.844,0.63231,1.79908,0.85596,0.05683,0.53409,0.23503,0.13119,1.69597,3.96725,1.30012,0.000182427,0.000182427,0.000182427
117,732.476,0.52751,1.73665,0.87826,0.05683,0.53409,0.23503,0.13119,1.69597,3.96725,1.30012,0.000181457,0.000181457,0.000181457
118,739.047,0.58294,1.52423,0.86705,0.05683,0.53409,0.23503,0.13119,1.69597,3.96725,1.30012,0.000180487,0.000180487,0.000180487
119,745.594,0.60869,1.62541,0.808,0.05683,0.53409,0.23503,0.13119,1.69597,3.96725,1.30012,0.000179516,0.000179516,0.000179516
120,752.798,0.65991,1.70594,0.88455,0.0484,0.53409,0.25812,0.1482,1.63814,3.92249,1.27444,0.000178546,0.000178546,0.000178546
121,759.239,0.49906,1.52037,0.83483,0.0484,0.53409,0.25812,0.1482,1.63814,3.92249,1.27444,0.000177576,0.000177576,0.000177576
122,766.083,0.54773,1.57273,0.88533,0.0484,0.53409,0.25812,0.1482,1.63814,3.92249,1.27444,0.000176606,0.000176606,0.000176606
123,772.58,0.5685,1.38787,0.86763,0.0484,0.53409,0.25812,0.1482,1.63814,3.92249,1.27444,0.000175636,0.000175636,0.000175636
124,779.054,0.62079,1.6526,0.85019,0.0466,0.53409,0.25415,0.14295,1.64008,3.90181,1.28353,0.000174665,0.000174665,0.000174665
125,785.046,0.54174,1.46429,0.88016,0.0466,0.53409,0.25415,0.14295,1.64008,3.90181,1.28353,0.000173695,0.000173695,0.000173695
126,790.647,0.74301,1.58451,0.94175,0.0466,0.53409,0.25415,0.14295,1.64008,3.90181,1.28353,0.000172725,0.000172725,0.000172725
127,796.429,0.54675,1.52752,0.82111,0.0466,0.53409,0.25415,0.14295,1.64008,3.90181,1.28353,0.000171755,0.000171755,0.000171755
128,802.249,0.49973,1.29816,0.83337,0.67533,0.29545,0.30384,0.17683,1.67997,3.91399,1.3078,0.000170785,0.000170785,0.000170785
129,807.935,0.54526,1.4529,0.85224,0.67533,0.29545,0.30384,0.17683,1.67997,3.91399,1.3078,0.000169814,0.000169814,0.000169814
130,813.457,0.54286,1.36993,0.8309,0.67533,0.29545,0.30384,0.17683,1.67997,3.91399,1.3078,0.000168844,0.000168844,0.000168844
131,819.305,0.53873,1.43568,0.83301,0.67533,0.29545,0.30384,0.17683,1.67997,3.91399,1.3078,0.000167874,0.000167874,0.000167874
132,825.107,0.6272,1.52702,0.87472,0.7741,0.24966,0.30479,0.18071,1.69617,3.90577,1.31928,0.000166904,0.000166904,0.000166904
133,830.892,0.50221,1.49557,0.86373,0.7741,0.24966,0.30479,0.18071,1.69617,3.90577,1.31928,0.000165934,0.000165934,0.000165934
134,836.453,0.52743,1.28705,0.84375,0.7741,0.24966,0.30479,0.18071,1.69617,3.90577,1.31928,0.000164963,0.000164963,0.000164963
135,841.873,0.56256,1.85805,0.89927,0.7741,0.24966,0.30479,0.18071,1.69617,3.90577,1.31928,0.000163993,0.000163993,0.000163993
136,847.556,0.46601,1.31232,0.83159,0.70187,0.24929,0.32319,0.18808,1.71006,3.89028,1.32603,0.000163023,0.000163023,0.000163023
137,853.126,0.47661,1.2281,0.85002,0.70187,0.24929,0.32319,0.18808,1.71006,3.89028,1.32603,0.000162053,0.000162053,0.000162053
138,858.7,0.50679,1.23961,0.86377,0.70187,0.24929,0.32319,0.18808,1.71006,3.89028,1.32603,0.000161083,0.000161083,0.000161083
139,864.699,0.52456,1.26421,0.81826,0.70187,0.24929,0.32319,0.18808,1.71006,3.89028,1.32603,0.000160112,0.000160112,0.000160112
140,870.39,0.51379,1.29184,0.83033,0.68595,0.29438,0.2998,0.17681,1.70583,3.89621,1.32482,0.000159142,0.000159142,0.000159142
141,876.096,0.60898,1.27353,0.84967,0.68595,0.29438,0.2998,0.17681,1.70583,3.89621,1.32482,0.000158172,0.000158172,0.000158172
142,881.739,0.50999,1.15244,0.83349,0.68595,0.29438,0.2998,0.17681,1.70583,3.89621,1.32482,0.000157202,0.000157202,0.000157202
143,887.145,0.61278,1.75781,0.84624,0.68595,0.29438,0.2998,0.17681,1.70583,3.89621,1.32482,0.000156232,0.000156232,0.000156232
144,892.572,0.58243,1.34474,0.8544,0.72935,0.2934,0.29774,0.17592,1.68864,3.90828,1.32407,0.000155261,0.000155261,0.000155261
145,898.029,0.50133,1.1922,0.86018,0.72935,0.2934,0.29774,0.17592,1.68864,3.90828,1.32407,0.000154291,0.000154291,0.000154291
146,903.595,0.51876,1.2122,0.85812,0.72935,0.2934,0.29774,0.17592,1.68864,3.90828,1.32407,0.000153321,0.000153321,0.000153321
147,909.105,0.49298,1.36561,0.87035,0.72935,0.2934,0.29774,0.17592,1.68864,3.90828,1.32407,0.000152351,0.000152351,0.000152351
148,915.424,0.57153,1.30576,0.88798,0.72537,0.24585,0.2799,0.1736,1.68284,3.90625,1.32124,0.000151381,0.000151381,0.000151381
149,921.627,0.4922,1.11532,0.85066,0.72537,0.24585,0.2799,0.1736,1.68284,3.90625,1.32124,0.00015041,0.00015041,0.00015041
150,927.425,0.48161,1.25398,0.84992,0.72537,0.24585,0.2799,0.1736,1.68284,3.90625,1.32124,0.00014944,0.00014944,0.00014944
151,933.09,0.51559,1.16302,0.83341,0.72537,0.24585,0.2799,0.1736,1.68284,3.90625,1.32124,0.00014847,0.00014847,0.00014847
152,938.726,0.48828,1.19326,0.85576,0.74515,0.23428,0.25429,0.15642,1.6658,3.89718,1.30311,0.0001475,0.0001475,0.0001475
153,945.099,0.58878,1.34209,0.85305,0.74515,0.23428,0.25429,0.15642,1.6658,3.89718,1.30311,0.00014653,0.00014653,0.00014653
154,952.585,0.55985,1.32711,0.84675,0.74515,0.23428,0.25429,0.15642,1.6658,3.89718,1.30311,0.000145559,0.000145559,0.000145559
155,958.881,0.57421,1.42588,0.84013,0.74515,0.23428,0.25429,0.15642,1.6658,3.89718,1.30311,0.000144589,0.000144589,0.000144589
156,965.229,0.5029,1.31133,0.83217,0.73367,0.14574,0.25376,0.15107,1.66137,3.88384,1.29843,0.000143619,0.000143619,0.000143619
157,972.764,0.49754,1.12308,0.84247,0.73367,0.14574,0.25376,0.15107,1.66137,3.88384,1.29843,0.000142649,0.000142649,0.000142649
158,979.386,0.62666,1.49101,0.83608,0.73367,0.14574,0.25376,0.15107,1.66137,3.88384,1.29843,0.000141679,0.000141679,0.000141679
159,985.739,0.62805,1.55511,0.91609,0.73367,0.14574,0.25376,0.15107,1.66137,3.88384,1.29843,0.000140708,0.000140708,0.000140708
160,991.54,0.52356,1.60761,0.90251,0.72529,0.15219,0.24485,0.14774,1.70045,3.8725,1.29994,0.000139738,0.000139738,0.000139738
161,997.189,0.50672,1.24764,0.85116,0.72529,0.15219,0.24485,0.14774,1.70045,3.8725,1.29994,0.000138768,0.000138768,0.000138768
162,1002.9,0.44191,1.23187,0.82037,0.72529,0.15219,0.24485,0.14774,1.70045,3.8725,1.29994,0.000137798,0.000137798,0.000137798
163,1008.67,0.55514,1.28127,0.83657,0.72529,0.15219,0.24485,0.14774,1.70045,3.8725,1.29994,0.000136828,0.000136828,0.000136828
164,1016.93,0.54973,1.37936,0.86213,0.72258,0.15867,0.25045,0.14873,1.75083,3.86993,1.31688,0.000135857,0.000135857,0.000135857
165,1023.86,0.6433,1.58056,0.91449,0.72258,0.15867,0.25045,0.14873,1.75083,3.86993,1.31688,0.000134887,0.000134887,0.000134887
166,1030.4,0.47875,1.06665,0.87797,0.72258,0.15867,0.25045,0.14873,1.75083,3.86993,1.31688,0.000133917,0.000133917,0.000133917
167,1036.78,0.48323,1.52934,0.85816,0.72258,0.15867,0.25045,0.14873,1.75083,3.86993,1.31688,0.000132947,0.000132947,0.000132947
168,1042.6,0.48619,1.33699,0.8295,0.72618,0.17258,0.25242,0.14668,1.77396,3.89507,1.34002,0.000131977,0.000131977,0.000131977
169,1048.18,0.54929,1.25737,0.87391,0.72618,0.17258,0.25242,0.14668,1.77396,3.89507,1.34002,0.000131006,0.000131006,0.000131006
170,1053.21,0.49575,1.31552,0.84994,0.72618,0.17258,0.25242,0.14668,1.77396,3.89507,1.34002,0.000130036,0.000130036,0.000130036
171,1058.49,0.51404,1.17786,0.86723,0.72618,0.17258,0.25242,0.14668,1.77396,3.89507,1.34002,0.000129066,0.000129066,0.000129066
172,1065.2,0.48604,1.42081,0.86266,0.73417,0.19257,0.25524,0.14227,1.76997,3.92248,1.35173,0.000128096,0.000128096,0.000128096
173,1071.59,0.47639,1.08709,0.843,0.73417,0.19257,0.25524,0.14227,1.76997,3.92248,1.35173,0.000127126,0.000127126,0.000127126
174,1077.64,0.49321,1.31968,0.85384,0.73417,0.19257,0.25524,0.14227,1.76997,3.92248,1.35173,0.000126155,0.000126155,0.000126155
175,1083.38,0.48969,1.24795,0.8128,0.73417,0.19257,0.25524,0.14227,1.76997,3.92248,1.35173,0.000125185,0.000125185,0.000125185
176,1089.72,0.4972,1.15863,0.86288,0.73752,0.20213,0.26313,0.14893,1.74551,3.91369,1.34407,0.000124215,0.000124215,0.000124215
177,1095.52,0.57099,1.1146,0.8382,0.73752,0.20213,0.26313,0.14893,1.74551,3.91369,1.34407,0.000123245,0.000123245,0.000123245
178,1101.08,0.47694,1.30722,0.83223,0.73752,0.20213,0.26313,0.14893,1.74551,3.91369,1.34407,0.000122275,0.000122275,0.000122275
179,1107.18,0.50466,1.30508,0.83923,0.73752,0.20213,0.26313,0.14893,1.74551,3.91369,1.34407,0.000121304,0.000121304,0.000121304
180,1113.89,0.47678,1.05423,0.79161,0.71688,0.256,0.26377,0.15476,1.71123,3.89173,1.32447,0.000120334,0.000120334,0.000120334
181,1120.15,0.50241,1.18273,0.86205,0.71688,0.256,0.26377,0.15476,1.71123,3.89173,1.32447,0.000119364,0.000119364,0.000119364
182,1126.49,0.42434,1.11088,0.82726,0.71688,0.256,0.26377,0.15476,1.71123,3.89173,1.32447,0.000118394,0.000118394,0.000118394
183,1132.99,0.6459,1.40114,0.96203,0.71688,0.256,0.26377,0.15476,1.71123,3.89173,1.32447,0.000117424,0.000117424,0.000117424
184,1139.15,0.51601,1.27102,0.87529,0.68481,0.30836,0.23945,0.14207,1.6821,3.87375,1.29576,0.000116453,0.000116453,0.000116453
185,1145.82,0.47499,1.17855,0.82743,0.68481,0.30836,0.23945,0.14207,1.6821,3.87375,1.29576,0.000115483,0.000115483,0.000115483
186,1152.87,0.47501,1.16015,0.84256,0.68481,0.30836,0.23945,0.14207,1.6821,3.87375,1.29576,0.000114513,0.000114513,0.000114513
187,1159.08,0.49388,1.20255,0.81376,0.68481,0.30836,0.23945,0.14207,1.6821,3.87375,1.29576,0.000113543,0.000113543,0.000113543
188,1166.06,0.47979,1.06667,0.81025,0.69436,0.33571,0.29342,0.17226,1.66762,3.87739,1.2832,0.000112573,0.000112573,0.000112573
189,1171.99,0.40818,0.9607,0.82516,0.69436,0.33571,0.29342,0.17226,1.66762,3.87739,1.2832,0.000111602,0.000111602,0.000111602
190,1178.1,0.44736,1.09344,0.79696,0.69436,0.33571,0.29342,0.17226,1.66762,3.87739,1.2832,0.000110632,0.000110632,0.000110632
191,1185.9,0.52798,1.20266,0.82292,0.69436,0.33571,0.29342,0.17226,1.66762,3.87739,1.2832,0.000109662,0.000109662,0.000109662
192,1192.7,0.41086,1.05631,0.79096,0.69142,0.31533,0.32173,0.18284,1.67249,3.88764,1.28254,0.000108692,0.000108692,0.000108692
193,1199.72,0.47291,1.0009,0.81361,0.69142,0.31533,0.32173,0.18284,1.67249,3.88764,1.28254,0.000107722,0.000107722,0.000107722
194,1206.3,0.49222,1.19567,0.8276,0.69142,0.31533,0.32173,0.18284,1.67249,3.88764,1.28254,0.000106751,0.000106751,0.000106751
195,1213,0.43838,1.18296,0.84342,0.69142,0.31533,0.32173,0.18284,1.67249,3.88764,1.28254,0.000105781,0.000105781,0.000105781
196,1219.9,0.50868,1.24036,0.84011,0.84434,0.25666,0.32316,0.17318,1.69907,3.90223,1.29483,0.000104811,0.000104811,0.000104811
197,1226.3,0.43733,0.99104,0.82735,0.84434,0.25666,0.32316,0.17318,1.69907,3.90223,1.29483,0.000103841,0.000103841,0.000103841
198,1232.27,0.46521,1.05381,0.79662,0.84434,0.25666,0.32316,0.17318,1.69907,3.90223,1.29483,0.000102871,0.000102871,0.000102871
199,1238.55,0.46402,1.15683,0.8175,0.84434,0.25666,0.32316,0.17318,1.69907,3.90223,1.29483,0.0001019,0.0001019,0.0001019
200,1244.97,0.48501,1.07554,0.83888,0.85731,0.25546,0.31557,0.1696,1.7297,3.92869,1.31459,0.00010093,0.00010093,0.00010093
201,1251.59,0.41107,0.91764,0.83693,0.85731,0.25546,0.31557,0.1696,1.7297,3.92869,1.31459,9.996e-05,9.996e-05,9.996e-05
202,1258.45,0.36224,0.96498,0.82558,0.85731,0.25546,0.31557,0.1696,1.7297,3.92869,1.31459,9.89898e-05,9.89898e-05,9.89898e-05
203,1264.44,0.53188,1.27756,0.85825,0.85731,0.25546,0.31557,0.1696,1.7297,3.92869,1.31459,9.80196e-05,9.80196e-05,9.80196e-05
204,1270.26,0.38897,0.9912,0.84906,0.74347,0.25667,0.31631,0.17134,1.74206,3.95285,1.33478,9.70494e-05,9.70494e-05,9.70494e-05
205,1276.74,0.42677,0.99907,0.82012,0.74347,0.25667,0.31631,0.17134,1.74206,3.95285,1.33478,9.60792e-05,9.60792e-05,9.60792e-05
206,1282.72,0.46627,1.07274,0.83175,0.74347,0.25667,0.31631,0.17134,1.74206,3.95285,1.33478,9.5109e-05,9.5109e-05,9.5109e-05
207,1288.37,0.4495,0.95567,0.81557,0.74347,0.25667,0.31631,0.17134,1.74206,3.95285,1.33478,9.41388e-05,9.41388e-05,9.41388e-05
208,1294.17,0.43079,1.04189,0.82309,0.71473,0.29913,0.33274,0.17941,1.7289,3.97623,1.34392,9.31686e-05,9.31686e-05,9.31686e-05
209,1300.1,0.4454,1.00214,0.79888,0.71473,0.29913,0.33274,0.17941,1.7289,3.97623,1.34392,9.21984e-05,9.21984e-05,9.21984e-05
210,1306.39,0.49673,1.21652,0.8581,0.71473,0.29913,0.33274,0.17941,1.7289,3.97623,1.34392,9.12282e-05,9.12282e-05,9.12282e-05
211,1312.9,0.49197,1.02186,0.83946,0.71473,0.29913,0.33274,0.17941,1.7289,3.97623,1.34392,9.0258e-05,9.0258e-05,9.0258e-05
212,1318.9,0.49721,1.08382,0.83162,0.6835,0.33156,0.33269,0.18618,1.70135,3.99003,1.33045,8.92878e-05,8.92878e-05,8.92878e-05
213,1324.67,0.3996,1.03296,0.83583,0.6835,0.33156,0.33269,0.18618,1.70135,3.99003,1.33045,8.83176e-05,8.83176e-05,8.83176e-05
214,1330.9,0.45329,1.10097,0.82687,0.6835,0.33156,0.33269,0.18618,1.70135,3.99003,1.33045,8.73474e-05,8.73474e-05,8.73474e-05
215,1336.51,0.48809,1.14891,0.82292,0.6835,0.33156,0.33269,0.18618,1.70135,3.99003,1.33045,8.63772e-05,8.63772e-05,8.63772e-05
216,1342.19,0.42624,0.99955,0.85443,0.68161,0.33528,0.33262,0.18613,1.67897,3.97566,1.31554,8.5407e-05,8.5407e-05,8.5407e-05
217,1347.71,0.4035,1.00764,0.79527,0.68161,0.33528,0.33262,0.18613,1.67897,3.97566,1.31554,8.44368e-05,8.44368e-05,8.44368e-05
218,1353.3,0.39295,0.98488,0.81802,0.68161,0.33528,0.33262,0.18613,1.67897,3.97566,1.31554,8.34666e-05,8.34666e-05,8.34666e-05
219,1358.69,0.50406,1.0733,0.85919,0.68161,0.33528,0.33262,0.18613,1.67897,3.97566,1.31554,8.24964e-05,8.24964e-05,8.24964e-05
220,1364.08,0.61544,1.41478,0.84946,0.68519,0.33652,0.33246,0.1918,1.66626,3.96156,1.3014,8.15262e-05,8.15262e-05,8.15262e-05
221,1370.21,0.42481,1.05907,0.819,0.68519,0.33652,0.33246,0.1918,1.66626,3.96156,1.3014,8.0556e-05,8.0556e-05,8.0556e-05
222,1377.26,0.43206,1.06448,0.82048,0.68519,0.33652,0.33246,0.1918,1.66626,3.96156,1.3014,7.95858e-05,7.95858e-05,7.95858e-05
223,1383.23,0.39206,0.96815,0.82156,0.68519,0.33652,0.33246,0.1918,1.66626,3.96156,1.3014,7.86156e-05,7.86156e-05,7.86156e-05
224,1388.98,0.45987,1.24282,0.88385,0.69252,0.33617,0.35302,0.1966,1.66903,3.958,1.30054,7.76454e-05,7.76454e-05,7.76454e-05
225,1394.21,0.43263,1.03223,0.86104,0.69252,0.33617,0.35302,0.1966,1.66903,3.958,1.30054,7.66752e-05,7.66752e-05,7.66752e-05
226,1399.78,0.48484,1.01903,0.8085,0.69252,0.33617,0.35302,0.1966,1.66903,3.958,1.30054,7.5705e-05,7.5705e-05,7.5705e-05
227,1405.39,0.36513,0.97617,0.79888,0.69252,0.33617,0.35302,0.1966,1.66903,3.958,1.30054,7.47348e-05,7.47348e-05,7.47348e-05
228,1411.64,0.43001,1.04006,0.80549,0.73268,0.33526,0.35302,0.19537,1.68978,3.95025,1.30487,7.37646e-05,7.37646e-05,7.37646e-05
229,1417.74,0.37121,0.94264,0.83589,0.73268,0.33526,0.35302,0.19537,1.68978,3.95025,1.30487,7.27944e-05,7.27944e-05,7.27944e-05
230,1423.37,0.48171,1.09753,0.87787,0.73268,0.33526,0.35302,0.19537,1.68978,3.95025,1.30487,7.18242e-05,7.18242e-05,7.18242e-05
231,1429.1,0.43205,0.99827,0.86352,0.73268,0.33526,0.35302,0.19537,1.68978,3.95025,1.30487,7.0854e-05,7.0854e-05,7.0854e-05
232,1434.65,0.4027,0.86863,0.79192,0.75197,0.3314,0.35293,0.19534,1.70172,3.95212,1.30908,6.98838e-05,6.98838e-05,6.98838e-05
233,1440.15,0.41469,1.00993,0.80048,0.75197,0.3314,0.35293,0.19534,1.70172,3.95212,1.30908,6.89136e-05,6.89136e-05,6.89136e-05
234,1446.34,0.41554,1.05466,0.81036,0.75197,0.3314,0.35293,0.19534,1.70172,3.95212,1.30908,6.79434e-05,6.79434e-05,6.79434e-05
235,1452.77,0.35354,0.86592,0.84157,0.75197,0.3314,0.35293,0.19534,1.70172,3.95212,1.30908,6.69732e-05,6.69732e-05,6.69732e-05
236,1458.65,0.41736,0.98334,0.83508,0.7432,0.33019,0.35293,0.19419,1.71341,3.9434,1.31676,6.6003e-05,6.6003e-05,6.6003e-05
237,1464.56,0.4608,1.16478,0.83024,0.7432,0.33019,0.35293,0.19419,1.71341,3.9434,1.31676,6.50328e-05,6.50328e-05,6.50328e-05
238,1471.37,0.40496,0.85348,0.84936,0.7432,0.33019,0.35293,0.19419,1.71341,3.9434,1.31676,6.40626e-05,6.40626e-05,6.40626e-05
239,1477.48,0.42074,0.96157,0.81719,0.7432,0.33019,0.35293,0.19419,1.71341,3.9434,1.31676,6.30924e-05,6.30924e-05,6.30924e-05
240,1483.58,0.47924,1.01828,0.85057,0.72796,0.33134,0.35732,0.19276,1.71745,3.92376,1.31979,6.21222e-05,6.21222e-05,6.21222e-05
241,1489.18,0.49574,1.13989,0.85152,0.72796,0.33134,0.35732,0.19276,1.71745,3.92376,1.31979,6.1152e-05,6.1152e-05,6.1152e-05
242,1494.74,0.43545,0.90883,0.84534,0.72796,0.33134,0.35732,0.19276,1.71745,3.92376,1.31979,6.01818e-05,6.01818e-05,6.01818e-05
243,1500.52,0.46098,1.15194,0.85983,0.72796,0.33134,0.35732,0.19276,1.71745,3.92376,1.31979,5.92116e-05,5.92116e-05,5.92116e-05
244,1507.73,0.39316,0.9936,0.80539,0.71762,0.33356,0.35718,0.19267,1.71593,3.89318,1.31376,5.82414e-05,5.82414e-05,5.82414e-05
245,1514.53,0.41675,0.92507,0.80631,0.71762,0.33356,0.35718,0.19267,1.71593,3.89318,1.31376,5.72712e-05,5.72712e-05,5.72712e-05
246,1520.26,0.48294,0.96655,0.8318,0.71762,0.33356,0.35718,0.19267,1.71593,3.89318,1.31376,5.6301e-05,5.6301e-05,5.6301e-05
247,1526.19,0.40618,0.89175,0.79942,0.71762,0.33356,0.35718,0.19267,1.71593,3.89318,1.31376,5.53308e-05,5.53308e-05,5.53308e-05
248,1532.56,0.41304,0.99342,0.79301,0.71679,0.33286,0.35709,0.19262,1.70761,3.87188,1.3046,5.43606e-05,5.43606e-05,5.43606e-05
249,1538.43,0.37793,1.09464,0.80574,0.71679,0.33286,0.35709,0.19262,1.70761,3.87188,1.3046,5.33904e-05,5.33904e-05,5.33904e-05
250,1545.03,0.38639,0.94443,0.80777,0.71679,0.33286,0.35709,0.19262,1.70761,3.87188,1.3046,5.24202e-05,5.24202e-05,5.24202e-05
251,1551.49,0.43079,1.00953,0.83549,0.71679,0.33286,0.35709,0.19262,1.70761,3.87188,1.3046,5.145e-05,5.145e-05,5.145e-05
252,1558.72,0.4582,1.00574,0.8405,0.71922,0.33149,0.35709,0.20165,1.69889,3.78016,1.29999,5.04798e-05,5.04798e-05,5.04798e-05
253,1565.18,0.32903,0.89043,0.79893,0.71922,0.33149,0.35709,0.20165,1.69889,3.78016,1.29999,4.95096e-05,4.95096e-05,4.95096e-05
254,1573.03,0.43131,1.05887,0.82117,0.71922,0.33149,0.35709,0.20165,1.69889,3.78016,1.29999,4.85394e-05,4.85394e-05,4.85394e-05
255,1579.47,0.44197,1.07707,0.85693,0.71922,0.33149,0.35709,0.20165,1.69889,3.78016,1.29999,4.75692e-05,4.75692e-05,4.75692e-05
256,1586.66,0.36933,0.83653,0.79689,0.72203,0.33213,0.36241,0.21215,1.67832,3.75892,1.29469,4.6599e-05,4.6599e-05,4.6599e-05
257,1593.24,0.41981,1.11039,0.78467,0.72203,0.33213,0.36241,0.21215,1.67832,3.75892,1.29469,4.56288e-05,4.56288e-05,4.56288e-05
258,1599.66,0.34522,0.86578,0.78483,0.72203,0.33213,0.36241,0.21215,1.67832,3.75892,1.29469,4.46586e-05,4.46586e-05,4.46586e-05
259,1606.03,0.40369,1.02242,0.82944,0.72203,0.33213,0.36241,0.21215,1.67832,3.75892,1.29469,4.36884e-05,4.36884e-05,4.36884e-05
260,1612.33,0.32134,0.80222,0.81028,0.67488,0.33285,0.36287,0.21356,1.66833,3.72672,1.28874,4.27182e-05,4.27182e-05,4.27182e-05
261,1618.64,0.37885,0.88241,0.80608,0.67488,0.33285,0.36287,0.21356,1.66833,3.72672,1.28874,4.1748e-05,4.1748e-05,4.1748e-05
262,1625.34,0.37025,0.87238,0.82729,0.67488,0.33285,0.36287,0.21356,1.66833,3.72672,1.28874,4.07778e-05,4.07778e-05,4.07778e-05
263,1631.68,0.41479,1.08413,0.8441,0.67488,0.33285,0.36287,0.21356,1.66833,3.72672,1.28874,3.98076e-05,3.98076e-05,3.98076e-05
264,1638.24,0.38848,0.87539,0.84161,0.67306,0.33226,0.37041,0.20961,1.6618,3.70945,1.27996,3.88374e-05,3.88374e-05,3.88374e-05
265,1644.54,0.33763,0.97778,0.78441,0.67306,0.33226,0.37041,0.20961,1.6618,3.70945,1.27996,3.78672e-05,3.78672e-05,3.78672e-05
266,1650.73,0.4903,0.94869,0.86074,0.67306,0.33226,0.37041,0.20961,1.6618,3.70945,1.27996,3.6897e-05,3.6897e-05,3.6897e-05
267,1656.49,0.45006,0.86855,0.83278,0.67306,0.33226,0.37041,0.20961,1.6618,3.70945,1.27996,3.59268e-05,3.59268e-05,3.59268e-05
268,1662.69,0.44907,1.1668,0.86016,0.67612,0.33167,0.37041,0.20985,1.65807,3.68585,1.26595,3.49566e-05,3.49566e-05,3.49566e-05
269,1668.59,0.41941,0.99424,0.82808,0.67612,0.33167,0.37041,0.20985,1.65807,3.68585,1.26595,3.39864e-05,3.39864e-05,3.39864e-05
270,1674.46,0.34575,0.79273,0.80722,0.67612,0.33167,0.37041,0.20985,1.65807,3.68585,1.26595,3.30162e-05,3.30162e-05,3.30162e-05
271,1680.61,0.50681,1.17573,0.86038,0.67612,0.33167,0.37041,0.20985,1.65807,3.68585,1.26595,3.2046e-05,3.2046e-05,3.2046e-05
272,1687.22,0.397,0.9078,0.82618,0.67707,0.33191,0.37221,0.21,1.66573,3.66434,1.26415,3.10758e-05,3.10758e-05,3.10758e-05
273,1693.47,0.35689,0.8505,0.77856,0.67707,0.33191,0.37221,0.21,1.66573,3.66434,1.26415,3.01056e-05,3.01056e-05,3.01056e-05
274,1699.43,0.41384,1.09867,0.8375,0.67707,0.33191,0.37221,0.21,1.66573,3.66434,1.26415,2.91354e-05,2.91354e-05,2.91354e-05
275,1705.51,0.42448,1.01116,0.82221,0.67707,0.33191,0.37221,0.21,1.66573,3.66434,1.26415,2.81652e-05,2.81652e-05,2.81652e-05
276,1711.55,0.4121,0.97488,0.80972,0.67653,0.33165,0.37269,0.21035,1.67745,3.65042,1.26517,2.7195e-05,2.7195e-05,2.7195e-05
277,1717.41,0.38235,1.00371,0.84073,0.67653,0.33165,0.37269,0.21035,1.67745,3.65042,1.26517,2.62248e-05,2.62248e-05,2.62248e-05
278,1723.4,0.38744,0.99227,0.79777,0.67653,0.33165,0.37269,0.21035,1.67745,3.65042,1.26517,2.52546e-05,2.52546e-05,2.52546e-05
279,1729.39,0.34504,0.91674,0.81559,0.67653,0.33165,0.37269,0.21035,1.67745,3.65042,1.26517,2.42844e-05,2.42844e-05,2.42844e-05
280,1735.51,0.43566,1.0562,0.82983,0.68039,0.32947,0.37269,0.21033,1.6857,3.64747,1.26918,2.33142e-05,2.33142e-05,2.33142e-05
281,1741.55,0.49311,0.96718,0.82347,0.68039,0.32947,0.37269,0.21033,1.6857,3.64747,1.26918,2.2344e-05,2.2344e-05,2.2344e-05
282,1747.23,0.44152,1.04669,0.87648,0.68039,0.32947,0.37269,0.21033,1.6857,3.64747,1.26918,2.13738e-05,2.13738e-05,2.13738e-05
283,1753.26,0.40861,0.90832,0.78055,0.68039,0.32947,0.37269,0.21033,1.6857,3.64747,1.26918,2.04036e-05,2.04036e-05,2.04036e-05
284,1759.26,0.3495,0.81466,0.81467,0.67986,0.32713,0.37411,0.20989,1.69306,3.65033,1.27199,1.94334e-05,1.94334e-05,1.94334e-05
285,1765.07,0.42564,1.07614,0.84225,0.67986,0.32713,0.37411,0.20989,1.69306,3.65033,1.27199,1.84632e-05,1.84632e-05,1.84632e-05
286,1771.84,0.50366,1.05918,0.8418,0.67986,0.32713,0.37411,0.20989,1.69306,3.65033,1.27199,1.7493e-05,1.7493e-05,1.7493e-05
287,1777.98,0.28203,0.80858,0.80637,0.67986,0.32713,0.37411,0.20989,1.69306,3.65033,1.27199,1.65228e-05,1.65228e-05,1.65228e-05
288,1783.64,0.36226,0.85207,0.83216,0.68392,0.32885,0.37841,0.21243,1.6962,3.65112,1.2737,1.55526e-05,1.55526e-05,1.55526e-05
289,1789.38,0.46874,1.21092,0.87222,0.68392,0.32885,0.37841,0.21243,1.6962,3.65112,1.2737,1.45824e-05,1.45824e-05,1.45824e-05
290,1795.14,0.36259,0.92829,0.83094,0.68392,0.32885,0.37841,0.21243,1.6962,3.65112,1.2737,1.36122e-05,1.36122e-05,1.36122e-05
291,1801.01,0.35709,1.0044,0.8066,0.68392,0.32885,0.37841,0.21243,1.6962,3.65112,1.2737,1.2642e-05,1.2642e-05,1.2642e-05
292,1807.02,0.37708,0.98076,0.82246,0.68804,0.32636,0.37339,0.208,1.69395,3.65137,1.27477,1.16718e-05,1.16718e-05,1.16718e-05
293,1812.82,0.346,1.1156,0.78337,0.68804,0.32636,0.37339,0.208,1.69395,3.65137,1.27477,1.07016e-05,1.07016e-05,1.07016e-05
294,1818.83,0.42348,1.08927,0.8084,0.68804,0.32636,0.37339,0.208,1.69395,3.65137,1.27477,9.7314e-06,9.7314e-06,9.7314e-06
295,1824.7,0.34722,1.02773,0.75677,0.68804,0.32636,0.37339,0.208,1.69395,3.65137,1.27477,8.7612e-06,8.7612e-06,8.7612e-06
296,1830.98,0.34808,1.07144,0.76893,0.69636,0.32484,0.37883,0.21093,1.6976,3.63689,1.28344,7.791e-06,7.791e-06,7.791e-06
297,1837.17,0.39346,1.09282,0.85413,0.69636,0.32484,0.37883,0.21093,1.6976,3.63689,1.28344,6.8208e-06,6.8208e-06,6.8208e-06
298,1843.32,0.36603,1.01856,0.75968,0.69636,0.32484,0.37883,0.21093,1.6976,3.63689,1.28344,5.8506e-06,5.8506e-06,5.8506e-06
299,1849.6,0.36155,1.05792,0.7619,0.69636,0.32484,0.37883,0.21093,1.6976,3.63689,1.28344,4.8804e-06,4.8804e-06,4.8804e-06
300,1855.94,0.36337,1.03813,0.77766,0.70302,0.32509,0.38479,0.21514,1.69768,3.62785,1.28631,3.9102e-06,3.9102e-06,3.9102e-06
